Status,pv,gas_boiler,gas_chp,heat_pump_air,heat_pump_ground,battery_storage,thermal_storage,Cost,Emissions_kg,Resilience,Generation,Solution_ID
Success,2.3670769359566974,1.4288596313057464,2.604074175751871,2.1526304813662187,0.4636965740854187,2.9317425845829166,2.331191165572988,0.0,11057844.749983082,0.5664450857459887,0,0
Success,2.4009800547754705,0.5587181714915284,1.461080626107588,1.2382344678512274,2.7949419687760853,2.0028223362258606,2.503732517158324,0.0,6204279.00293622,0.507718274044489,0,1
Success,1.441559756716527,0.8362684209973752,1.7528374036443373,0.37868831709169093,2.51736728157923,1.9686603175417814,2.3226456722390467,0.0,7443184.246418861,0.5559604454363442,0,2
Success,1.1926727107636315,2.9179544683057292,2.7007391397021534,2.379473791806533,0.7449883819855092,1.5068188104356957,0.32265054420424055,0.0,11468319.29563088,0.5281312941432206,0,3
Success,0.6320105777891338,2.112537069078873,2.285334036541888,2.909027250815788,1.1123110027868255,1.2372871768976328,1.514756271572262,0.0,9704358.352478925,0.5625469147837405,0,4
Success,0.7305198054359998,0.5637802149393205,1.5319737934326143,0.8353461773424755,2.075479185111029,1.4240253728425258,2.531498948961945,0.0,6505317.139796654,0.5487014299744509,0,5
Success,2.1607422856062977,1.074626595869715,2.530327443906563,2.4533402009910454,1.2849394612844884,1.0073186910046834,2.110987411129931,0.0,10744689.34175489,0.5562756548508483,0,6
Success,0.5913069541060674,0.7597429669303033,0.22061435530281545,2.4033882570059877,2.06158239845769,2.1744630601537382,2.38604128686151,0.0,936808.6797496001,0.5054327487321433,0,7
Success,1.4849641715073518,1.7924753486681024,0.5914315947574409,0.5206842059007256,2.0715282930133205,1.5190693772007708,1.7826610981473285,0.0,2511433.3592953105,0.5744004285666081,0,8
Success,2.3419968007648717,1.9772112960016541,1.7500223218423883,1.7657800500871579,1.0510602745753141,0.28628993679023035,1.4228086898506145,0.0,7431230.386650075,0.5653345688312368,0,9
Success,0.8008370838946817,1.343880202428981,2.589528605150865,0.855030560422954,0.36324767672938485,0.9878748976615903,1.022062521746714,0.0,10996078.974259963,0.5351312318712267,0,10
Success,2.053366241235306,1.7596900265555793,2.394914985497958,2.060077912916685,1.3378832120321973,2.479257077064897,0.6675241757415709,0.0,10169678.861547058,0.5621237683581952,0,11
Success,0.2635938047748093,0.4521340101717969,2.222606181670061,1.4932562447038846,0.651560981294085,1.6029253702894177,0.6264738875968716,0.0,9437993.097936263,0.5614674142014774,0,12
Success,2.149697050217661,1.4492375716072858,1.2668594330701508,1.0442338496140542,1.9647912607328875,1.213075309549493,0.4454197740850828,0.0,5379545.276161953,0.5508217948655802,0,13
Success,0.5304165259374429,2.8933134607386406,2.7440259339812996,2.159179974670099,0.9444358920866547,2.913693856573627,2.380502531104225,0.0,11652130.745903824,0.5399856269786367,0,14
Success,2.207292529645188,1.4582122060026081,0.9622763731664452,0.469894694029798,2.7272867103227565,1.4761736115341109,0.7666174214266448,0.0,4086174.9792434596,0.5535507142901582,0,15
Success,1.056678547621827,1.8218147930373085,0.6949637922298488,2.5985199954586515,2.3238546835385883,2.214496276662623,1.4098605113702902,0.0,2951068.6726572774,0.5570882929056536,0,16
Success,1.9564647539668407,1.8354743129556594,2.019570484353496,0.43644409919168947,1.3642607260777069,0.31651968681329895,1.583174293884653,0.0,8575829.784564862,0.5667818522791696,0,17
Success,1.123611394531799,0.6046677288249314,0.4895283096231446,1.8454048020975935,0.6776603119032811,2.7903363314550322,1.8269711911611057,0.0,2078714.9993419265,0.5153386915635108,0,18
Success,1.1712354526975437,1.8545633761479667,0.26385083888315297,2.883965797076047,1.5504496234401206,2.3916586363008014,0.43164399978282797,0.0,1120406.4925225496,0.5624875606735988,0,19
Success,1.1453816696088441,1.4492375716072858,0.5311762414018064,0.9710914734915155,1.9647912607328875,1.213075309549493,0.5124754155626854,0.0,2255567.2442029472,0.5585515443403677,1,20
Success,0.8644438939314987,1.4582122060026081,1.5059969931286572,0.469894694029798,2.7272867103227565,1.4761736115341109,2.36880164516694,0.0,6395010.210932181,0.5565858298169567,1,21
Success,1.056678547621827,1.8218147930373085,0.6949637922298488,0.42435044815702083,2.3438195727218756,2.214496276662623,1.5813102754402966,0.0,2951068.6726572774,0.5724053651170506,1,22
Success,2.382516130086235,1.7929853441243324,0.5914315947574409,0.5206842059007256,2.8426038846529007,1.5190693772007708,2.545703805964359,0.0,2511433.3592953105,0.5628696119128394,1,23
Success,2.149697050217661,1.4492375716072858,0.9716085578485243,1.0442338496140542,2.7325891127118687,1.2152491420532576,0.4454197740850828,0.0,4125802.8248530454,0.5430797155435095,1,24
Success,1.441559756716527,0.927098540589274,1.7528374036443373,0.37868831709169093,2.51736728157923,1.9686603175417814,2.3155875933666654,0.0,7443184.246418861,0.5568360085640078,1,25
Success,1.1255182565957387,0.4624154830190343,2.222606181670061,1.4932562447038846,0.650189369988779,1.713370174944473,0.5147029535655058,0.0,9437993.097936263,0.5664534865696629,1,26
Success,2.053366241235306,1.7596900265555793,2.404177986860777,2.0381691142972156,1.3378832120321973,2.5963066790812546,0.6675241757415709,0.0,10209012.929655688,0.5621759568179837,1,27
Success,2.127926565569987,0.6046677288249314,1.2252460658512068,1.9185480568078954,0.6776603119032811,2.7903363314550322,1.760925344513133,0.0,5202839.804975341,0.5221028490321491,1,28
Success,2.0734306504849944,0.5637802149393205,0.9882531805487338,0.8353461773424755,2.075479185111029,1.4240253728425258,0.929151707225421,0.0,4196481.9381650975,0.5024270313024436,1,29
Success,1.9564647539668407,1.8354743129556594,2.019570484353496,2.6162640332158444,1.3442928491935304,0.31651968681329895,1.411724529814647,0.0,8575829.784564862,0.561382813971261,1,30
Success,1.5034260849377614,0.5583922527535529,1.461080626107588,1.2382344678512274,2.0229450608311885,2.0028223362258606,1.740682150028029,0.0,6204279.00293622,0.5302825714795893,1,31
Success,2.3670769359566974,1.5179767270701272,2.604074175751871,2.1526304813662187,0.4636965740854187,2.9317425845829166,2.331191165572988,0.0,11057844.749983082,0.5669120478976127,1,32
Success,2.207292529645188,1.4582122060026081,1.257527248405801,0.469894694029798,1.9594270231721511,1.4739997790306136,0.8273445599106758,0.0,5339917.430627652,0.5594275219748432,1,33
Success,1.4849641715073518,1.7016468081847766,0.5914315947574409,0.5206842059007256,2.0715282930133205,1.5190693772007708,1.789719164985434,0.0,2511433.3592953105,0.5716243262354574,1,34
Success,0.2663116588732656,0.5943862562955807,0.4895283096231446,1.8454048020975935,0.6790319232085872,2.679096237266813,1.939817239618885,0.0,2078714.9993419265,0.5418808228957523,1,35
Success,2.1607422856062977,1.074626595869715,2.5210644425434063,2.4752489758230927,1.2849394612844884,0.8893801620678733,2.110987411129931,0.0,10705355.273644833,0.5560837886939718,1,36
Success,1.0982177434709328,2.0459818094895263,0.4895283096231446,1.8454048020975935,0.6776603119032811,2.7903363314550322,1.8269711911611057,0.0,2078714.9993419265,0.5815186882851759,1,37
Success,2.074336595328484,1.939762893120979,2.043881306958961,0.4801619424055683,1.3642607260777069,0.3440653088822194,1.5762351760333912,0.0,8679062.36703844,0.5682950886846174,1,38
Success,0.6574043717446797,0.6714943501985211,2.285334036541888,2.909027250815788,1.1123110027868255,1.2372871768976328,1.514756271572262,0.0,9704358.352478925,0.5650098771792141,1,39
Success,1.4414435040590723,1.8218147930373085,0.5946629260395581,2.5985199954586515,2.302573970194654,2.2115359104488954,1.4098605113702902,0.0,2525154.765538701,0.5522745854692774,2,40
Success,0.590552699474367,2.0190929146440544,0.46432234788454774,1.8454048020975935,0.6776603119032811,2.7903363314550322,2.350414619637755,0.0,1971681.3309945415,0.5794509829641633,2,41
Success,0.2816909667846265,1.7445148605335778,0.26385083888315297,2.883965797076047,1.5504496234401206,2.3916586363008014,1.975224664079163,0.0,1120406.4925225496,0.5711560168880424,2,42
Success,2.207292529645188,1.515674781077778,2.522124445933868,0.4599153184865091,1.9471221131739695,1.7690443963890825,1.0485174061405864,0.0,10709856.433033964,0.5663366255611308,2,43
Success,1.0299698942229525,1.8218147930373085,0.6731862733049541,0.4242782769779711,2.3438195727218756,2.347833300394705,1.5813102754402966,0.0,2858593.4177073003,0.5726405479285115,2,44
Success,0.29601720641791984,0.5943862562955807,2.5643356426105397,1.697150592765719,0.6790319232085872,2.679096237266813,1.939817239618885,0.0,10889100.505229745,0.5610366346946997,2,45
Success,0.5250142737793512,1.4288596313057464,2.604074175751871,2.1526304813662187,2.149346060713394,2.196272927395341,2.331191165572988,0.0,11057844.749983082,0.5558511526196961,2,46
Success,1.056678547621827,1.8218147930373085,0.6949637922298488,2.5985199954586515,2.3189239031387143,2.214496276662623,1.4217288845117093,0.0,2951068.6726572774,0.5571295628077764,2,47
Success,2.207292529645188,1.4582122060026081,0.9622763731664452,0.46991384240405326,2.754472512532342,1.4761736115341109,0.7944714818270457,0.0,4086174.9792434596,0.553421160178622,2,48
Success,1.1001992152279503,1.7924753486681024,0.6917324609478535,0.5206842059007256,2.0928090063503246,1.5220297083553507,1.7826610981473285,0.0,2937347.266414403,0.5714020574787948,2,49
Success,1.09897242492047,0.7866591903803785,0.24690689495618862,2.4033882570059877,2.06158239845769,2.1744630601537382,1.86259782723239,0.0,1048456.3525682247,0.4959055720859691,2,50
Success,1.1605597380674229,0.7045472228952369,0.4895283096231446,1.8454048020975935,0.6790319232085872,2.679096237266813,0.40045240431327855,0.0,2078714.9993419265,0.5226582377445058,2,51
Success,2.3670769359566974,1.4605141519949572,1.2876770171492344,2.1346089285498486,0.47721517086454157,2.6286205796772926,2.235582306263001,0.0,5467944.299108279,0.5556709062445486,2,52
Success,1.5116728263069983,1.7016468081847766,0.8124030141842314,0.5207563770916895,2.0715282930133205,1.5190693772007708,1.789719164985434,0.0,3449758.2630009996,0.5689722588423984,2,53
Success,2.3647861669986847,1.344323539114436,0.5311411029344126,2.1505810931739098,0.4636965740854187,2.9317425845829166,2.331191165572988,0.0,2255418.0335081024,0.5426392532076437,2,54
Success,2.4356949877762406,0.7597429669303033,0.22061435530281545,2.4033882570059877,0.3846187180819909,2.9072116559252494,2.38604128686151,0.0,936808.6797496001,0.4917071999624679,2,55
Success,1.4849641715073518,1.7924753486681024,0.5914315947574409,0.5206842059007256,2.076459073405184,1.5190693772007708,1.7707927250060183,0.0,2511433.3592953105,0.5744016570582443,2,56
Success,2.2781279128136838,1.939762893120979,2.043881306958961,0.48014279403131305,1.3353826777603541,0.3440653088822194,1.5483822420598636,0.0,8679062.36703844,0.5704675206451782,2,57
Success,2.1075961161795975,2.3145754808211616,0.6387597171226181,2.4523905117913705,1.2747820042082862,0.3440653088822194,1.5762351760333912,0.0,2712405.756431895,0.5713458349830419,2,58
Success,1.0234196244215603,1.8218147930373085,2.100377007767129,0.5630875989771147,2.4133140611334154,2.214496276662623,1.4098605113702902,0.0,8918963.631908452,0.552293736523331,2,59
Success,1.0982177434709328,2.042132653661766,0.4895283096231446,2.877553353834321,0.6840866710585101,2.7903363314550322,1.8269711911611057,0.0,2078714.9993419265,0.5790822682727372,3,60
Success,1.0966810134778422,1.8218147930373085,0.6949637922298488,0.4224648640128731,2.3438195727218756,1.529872585121385,1.5813102754402966,0.0,2951068.6726572774,0.5727587365271408,3,61
Success,2.474125127712793,1.750768501476427,0.5914315947574409,0.5206842059007256,2.0715282930133205,1.5190693772007708,1.789719164985434,0.0,2511433.3592953105,0.5656742172697441,3,62
Success,1.1605597380674229,0.7045472228952369,0.4805279850477361,1.8337236231582943,0.7120225431700294,2.679096237266813,0.3656313785644888,0.0,2040496.3522768565,0.5216531234287534,3,63
Success,0.24236964073053147,0.5943862562955807,0.591349953360375,1.9450791646968257,0.6790319232085872,2.679096237266813,1.9314057285178592,0.0,2511086.680271214,0.545582034930076,3,64
Success,1.4849641715073518,1.7924753486681024,0.5914315947574409,0.5206842059007256,2.0767986317498948,1.5190693772007708,1.7716189701431542,0.0,2511433.3592953105,0.5744000303395838,3,65
Success,2.2744387790972755,0.7597429669303033,0.5321334181223232,2.3823528898526045,1.9139069663218167,2.1744630601537382,2.38604128686151,0.0,2259631.764204846,0.48282102942388994,3,66
Success,0.2663116588732656,0.9316990415079007,0.4895283096231446,2.081782124651684,0.6790234815886351,2.679096237266813,1.939817239618885,0.0,2078714.9993419265,0.5588822677797688,3,67
Success,0.5243721161979011,0.7597429669303033,0.43811415513857793,1.83604064826646,0.3846187180819909,2.9072116559252494,2.38604128686151,0.0,1860391.8257795486,0.5500499665368128,3,68
Success,0.2816909667846265,1.7445148605335778,0.26385083888315297,2.883965797076047,2.3831199203252753,2.3916586363008014,1.975224664079163,0.0,1120406.4925225496,0.562085929848029,3,69
Success,1.1712354526975437,1.8584125319757119,0.26385083888315297,1.8492031690743072,1.5440290038131885,2.3916586363008014,0.43164399978282797,0.0,1120406.4925225496,0.5698735042917579,3,70
Success,1.444961705812435,1.7924753486681024,0.5914315947574409,0.5225697900694157,2.076459073405184,2.203693034480431,2.2968531733513142,0.0,2511433.3592953105,0.5744298504133702,3,71
Success,1.4465182836721142,0.710642452059132,0.22061435530281545,2.4033882570059877,0.3846187180819909,2.9072116559252494,2.38604128686151,0.0,936808.6797496001,0.5104837140294698,3,72
Success,1.0299698942229525,1.8218147930373085,0.682186601202835,0.4375303844088537,2.3110134025520757,2.347833300394705,1.619443340464811,0.0,2896812.0788807953,0.572294954226888,3,73
Success,1.5383141736135202,1.7924753486681024,0.48960995102215943,0.4246558131577588,2.0715282930133205,1.5190693772007708,1.791072609248354,0.0,2079061.6783742993,0.5780165642382549,3,74
Success,1.4566605619135833,1.7924753486681024,0.5914315947574409,0.5206842059007256,2.07118873466861,1.5190693772007708,1.7818348530101924,0.0,2511433.3592953105,0.574457665072205,3,75
Success,0.6822112471811921,1.344323539114436,0.22160205963555152,2.171616460304957,0.6126636965941704,2.879534662006358,2.331191165572988,0.0,941002.8310806116,0.5687196719687101,3,76
Success,1.0982177434709328,1.7088168285824237,0.4895283096231446,1.8454048020975935,0.6776687535232333,2.7903363314550322,1.8269711911611057,0.0,2078714.9993419265,0.5738686299777974,3,77
Success,2.6455428179949463,2.0190929146440544,0.2476352867399576,2.412752326364865,0.6776603119032811,2.902792535108266,2.350414619637755,0.0,1051549.3686340044,0.5649638999468669,3,78
Success,1.056678547621827,1.8218147930373085,0.6949637922298488,0.42435044815702083,1.5111472806155846,2.214496276662623,1.5813102754402966,0.0,2951068.6726572774,0.5722407174797797,3,79
Success,1.4449726018529911,0.6945641156715322,0.6136763029149318,2.429401844966501,0.3846187180819909,2.215122288197433,2.38604128686151,0.0,2605892.46941002,0.5249899116281546,4,80
Success,0.5243721161979011,0.7364034543127465,0.4371108404516745,1.8466212210569433,0.3846187180819909,2.791901530403004,2.38604128686151,0.0,1856131.3872150616,0.5485810884485529,4,81
Success,0.2816909667846265,1.7445148605335778,0.26385083888315297,2.883965797076047,2.0520095534216525,2.3916586363008014,1.975224664079163,0.0,1120406.4925225496,0.5655103504414942,4,82
Success,2.6455428179949463,2.0190929146440544,0.24064732055555776,2.3795889852748786,0.7106391473694755,2.905798194980265,2.350414619637755,0.0,1021875.9261857241,0.5647609901125866,4,83
Success,1.1243425042128008,1.7445148605335778,0.26385083888315297,2.884453540502591,2.3374472186861333,2.3916586363008014,1.975224664079163,0.0,1120406.4925225496,0.5499177134342252,4,84
Success,1.0657565523429366,0.601454079912017,0.22061435530281545,1.8736677101084955,2.06158239845769,2.7653801533502635,1.840366147106429,0.0,936808.6797496001,0.4782483039227233,4,85
Success,1.2185414671340584,0.7053749417973445,0.4805279850477361,2.402247267639734,0.7120225431700294,2.89521934210299,0.3656313785644888,0.0,2040496.3522768565,0.5189914204948988,4,86
Success,1.4465073876315582,1.7403130838167327,0.21045315105670867,0.49909858319664047,2.076459073405184,2.894583696769871,2.2968531733513142,0.0,893660.5159712487,0.58025105114613,4,87
Success,1.0982177434709328,2.0693793054119847,0.4905316243100667,1.8348242293071104,0.6776603119032811,2.9056463828100494,1.8269711911611057,0.0,2082975.437906493,0.5819520700646269,4,88
Success,1.4566605619135833,1.7924753486681024,0.5914315947574409,0.5206842059007256,1.5696288041009328,1.5190693772007708,1.7818348530101924,0.0,2511433.3592953105,0.5771397349622505,4,89
Success,1.3427384883714217,0.7045472228952369,0.4878877178282497,1.866886904954626,0.6790437077038349,2.1947613120315665,0.3656313785644888,0.0,2071748.4507178636,0.5174112260603791,4,90
Success,0.2626679538878539,2.042132653661766,0.4895283096231446,2.8770656104077776,0.729925681481181,2.7903363314550322,1.8269711911611057,0.0,2078714.9993419265,0.5825094839084722,4,91
Success,0.6237684931557121,2.205039494050743,0.4895283096231446,2.3751253098363083,0.6776603119032811,2.199376692071744,2.3726462969242412,0.0,2078714.9993419265,0.5832525350100863,4,92
Success,2.3776896640972933,0.7589152480281958,0.22061435530281545,1.83486456080201,0.3846187180819909,2.691081900239979,2.38604128686151,0.0,936808.6797496001,0.490693464893198,4,93
Success,2.6455428179949463,2.0190929146440544,0.2476352867399576,2.504741683125594,0.6776603119032811,2.902792535108266,2.350414619637755,0.0,1051549.3686340044,0.5641346496079911,4,94
Success,0.5277399360238336,1.9798488819907991,0.43666675684575995,1.8452314893791348,0.3846187180819909,2.7878109825469153,2.348275155063414,0.0,1854245.6469331833,0.5811725520193735,4,95
Success,0.5871848796484403,0.7990106960643443,0.46576974617736566,1.8362139609849188,0.6776603119032811,2.9097368311088228,2.388180751435851,0.0,1977827.5098409068,0.545027754691547,4,96
Success,1.1605597380674229,0.7045472228952369,0.3811279262450013,2.1109747367287452,0.7120225431700294,2.679096237266813,0.3656313785644888,0.0,1618407.6004990875,0.5168213618250117,4,97
Success,1.4450350973267616,1.7924753486681024,0.5914315947574409,0.5225697900694157,2.076459073405184,2.203693034480431,2.2968531733513142,0.0,2511433.3592953105,0.574429803818505,4,98
Success,2.412826131976116,1.8545633761479667,0.26385083888315297,2.883965797076047,1.5504496234401206,2.8973157824684668,0.43164399978282797,0.0,1120406.4925225496,0.5442627148995892,4,99
Success,1.0982177434709328,2.0693793054119847,0.4875332992535757,1.8348242293071104,0.6776603119032811,2.9056463828100494,1.8053319418609772,0.0,2070243.4607249708,0.5820107313127917,5,100
Success,1.5383141736135202,2.0389937088574683,0.48960995102215943,2.8627130721240976,2.0715282930133205,1.5190693772007708,1.7907315340921095,0.0,2079061.6783742993,0.5587422676451721,5,101
Success,0.2626679538878539,0.9186081803399153,0.4895283096231446,2.8770656104077776,0.7281141656512674,2.780063941102192,1.831290847184372,0.0,2078714.9993419265,0.55576785431609,5,102
Success,0.3459392883860165,2.205039494050743,0.4895283096231446,2.3304169722977868,0.6776603119032811,2.9438588313237117,2.3726462969242412,0.0,2078714.9993419265,0.5811265509068537,5,103
Success,0.7640536823775995,1.9798488819907991,0.43666675684575995,2.4091963452523633,0.3846187180819909,2.7878109825469153,2.3469425543259472,0.0,1854245.6469331833,0.5847741841468636,5,104
Success,0.2719698461766962,2.205039494050743,0.4895283096231446,2.8968114135011502,0.7306664920394164,2.199376692071744,2.425689614480526,0.0,2078714.9993419265,0.5839688185080372,5,105
Success,1.2716309580895004,0.7597429669303033,0.22061435530281545,2.4033882570059877,2.0095608803392384,2.1744630601537382,2.38604128686151,0.0,936808.6797496001,0.48872822423136275,5,106
Success,0.29437674996551855,1.7403130838167327,0.26409145140515694,0.6290716351816827,2.076026116300329,2.894583696769871,2.3611696737800454,0.0,1121428.2206814468,0.5704084941004979,5,107
Success,1.4237104492733963,1.3463473808703974,0.5044613718790227,2.137786912694224,0.6126636965941704,1.5216151895971994,1.702322524609026,0.0,2142126.205368597,0.5564219110298207,5,108
Success,1.0982177434709328,2.0692617449622905,0.4905316243100667,1.835430980805617,0.6776603119032811,2.894901210517421,2.408792904061825,0.0,2082975.437906493,0.5820073134537854,5,109
Success,1.4465073876315582,1.7403130838167327,0.2166139733163434,0.49909858319664047,2.076459073405184,2.894583696769871,2.3184924105447995,0.0,919821.6048963031,0.5801225431264151,5,110
Success,1.0982177434709328,1.7956142934721373,0.4895283096231446,0.4271909415761719,0.6840866710585101,2.7903363314550322,1.8273122663173502,0.0,2078714.9993419265,0.5809457016687869,5,111
Success,0.5913069541060674,1.8832885351606183,0.22061435530281545,2.4033882570059877,2.0634433095358498,2.1846906966084365,2.381721595687183,0.0,936808.6797496001,0.5684397801595358,5,112
Success,0.6782404442165981,1.344323539114436,0.35560337042374984,2.1636027844179244,0.6126636965941704,2.0774162542759718,2.331191165572988,0.0,1510021.06596338,0.5681730990316713,5,113
Success,2.2004644253037906,0.7597429669303033,0.22061435530281545,1.8394233338531671,0.3846187180819909,2.9072116559252494,2.3873738875989776,0.0,936808.6797496001,0.4951137656026349,5,114
Success,0.6147633097191327,2.042132653661766,0.4895283096231446,2.3548170547028366,0.6769195013450457,2.7903363314550322,1.7739274884738565,0.0,2078714.9993419265,0.5813280300644172,5,115
Success,0.4909874514826604,1.8584125319757119,0.26385083888315297,1.8492031690743072,1.5960505214976295,2.3916586363008014,0.43164399978282797,0.0,1120406.4925225496,0.5742444152899315,5,116
Success,1.4403625883645201,1.7445148605335778,0.21025123728779796,2.7391344259286576,2.0524425105265074,2.3916586363008014,1.9109081560483838,0.0,892803.1167733727,0.5487897825716797,5,117
Success,0.7968185135159351,1.790451506921109,0.21228738215281864,0.46159631676629276,2.0715282930133205,2.8716595000477576,2.4199404402935896,0.0,901449.3273980657,0.5826003629548147,5,118
Success,0.590552699474367,2.019210475093748,0.551357249025795,1.8447980505990869,0.6776603119032811,2.8010814539163933,2.3361401977480107,0.0,2341263.1323163724,0.5771936679945414,5,119
Success,1.4465182836721142,0.710642452059132,0.22061435530281545,2.4033882570059877,0.44079263698744964,2.1807776504760144,2.385941656346766,0.0,936808.6797496001,0.5090070727575072,6,120
Success,0.7968185135159351,1.9763330476621068,0.21228738215281864,0.31026371634856265,2.0715282930133205,2.8716595000477576,2.421472248217277,0.0,901449.3273980657,0.587775183018304,6,121
Success,0.3486699753948187,1.8554594367360333,0.26385083888315297,2.7421461606568145,1.5960505214976295,2.2337198954933255,0.43164399978282797,0.0,1120406.4925225496,0.5728746658536985,6,122
Success,0.2724696639093163,0.7597429669303033,0.22061435530281545,2.4356015452677555,2.06158239845769,2.1752817602479535,2.3859385504888393,0.0,936808.6797496001,0.5143073142781052,6,123
Success,1.4465073876315582,1.7403130838167327,0.2166139733163434,0.49909858319664047,2.251985014419744,2.894583696769871,2.3184924105447995,0.0,919821.6048963031,0.5787261946800589,6,124
Success,0.2924629658849606,1.9718341163232025,0.4858662194074768,2.933023663157875,0.37491991556111204,2.2479772879098654,2.3469425543259472,0.0,2063164.4342150353,0.5858548071190948,6,125
Success,1.4403625883645201,0.7376061132341196,0.21025123728779796,2.7391344259286576,2.06171110410071,2.1670855744849744,2.410269955196238,0.0,892803.1167733727,0.48088240456392045,6,126
Success,1.0888901970723481,2.0692617449622905,0.4905316243100667,0.4882517500505049,0.6776603119032811,2.894589902561009,2.408792904061825,0.0,2082975.437906493,0.583825436786186,6,127
Success,0.7968185135159351,1.7860316648917889,0.4646908287762847,0.46159631676629276,2.0715282930133205,2.872399339208909,2.3469531553665406,0.0,1973246.0346931173,0.5742188961522078,6,128
Success,0.26487565886297787,2.042132653661766,0.3872753903127248,2.8770656104077776,0.729925681481181,2.7903363314550322,1.8269711911611057,0.0,1644511.9656895914,0.5843610397565183,6,129
Success,0.5913069541060674,1.8832885351606183,0.22061435530281545,2.4033882570059877,2.011384578906851,2.909488986838535,2.381821226201927,0.0,936808.6797496001,0.5689689137373948,6,130
Success,0.7640536823775995,1.7939673412497945,0.43666675684575995,2.5988944907473943,0.3846187180819909,2.7878109825469153,2.3454107464022593,0.0,1854245.6469331833,0.5815704170043436,6,131
Success,1.5880349572416264,1.7454479862394847,0.21025123728779796,1.8460438112454227,2.0524425105265074,2.3916586363008014,1.9109081560483838,0.0,892803.1167733727,0.5545714576385944,6,132
Success,0.59092845188329,2.205039494050743,0.4895283096231446,2.8643883166132156,0.7306664920394164,2.1985579919775287,2.425792350853197,0.0,2078714.9993419265,0.5839618109190348,6,133
Success,0.744180254938646,2.2130542597164236,0.44032884706143854,2.370711080273019,0.7403727597263764,2.7391819456805075,2.425689614480526,0.0,1869796.2120601204,0.5841372522893291,6,134
Success,0.5913069541060674,1.7666640492812609,0.22061435530281545,2.4033882570059877,2.052313804883487,2.3990361219537166,1.8866794419983675,0.0,936808.6797496001,0.564778577987151,6,135
Success,1.4558349340739698,1.7403130838167327,0.2166139733163434,1.8470202073681354,2.076459073405184,2.8948950047262834,2.3184924105447995,0.0,919821.6048963031,0.5561630601075069,6,136
Success,0.5277399360238336,1.9842687240201025,0.20229286995804674,1.8452314893791348,0.3846187180819909,2.787071142828565,2.4212624399904636,0.0,859008.9986122355,0.5888918498786634,6,137
Success,0.5893117503656826,1.8832885351606183,0.22061435530281545,2.4033882570059877,2.0634433095358498,2.1846906966084365,2.381721595687183,0.0,936808.6797496001,0.5684618496146183,6,138
Success,0.6176121789714453,2.0350337871049455,0.4895283096231446,2.3751253098363083,0.7330137384246518,2.199376692071744,2.3726462969242412,0.0,2078714.9993419265,0.580822123267667,6,139
Success,1.3460243086394463,1.7406977555842273,0.21045315105670867,0.49909858319664047,2.076459073405184,2.931588981165399,2.2968531733513142,0.0,893660.5159712487,0.5809215236495703,7,140
Success,0.6622439446872148,1.9718341163232025,0.4858662194074768,2.9873169137561586,2.3631244021926037,2.607843277894217,2.3469425543259472,0.0,2063164.4342150353,0.563566653798164,7,141
Success,1.4403826645416702,0.7376061132341196,0.21025123728779796,2.7391344259286576,2.245142767810506,2.1670855744849744,2.410269955196238,0.0,892803.1167733727,0.47847928321263167,7,142
Success,0.766520642395196,1.7403130838167327,0.2121577838703916,0.49909858319664047,2.076459073405184,2.87247526990285,2.4209939260275473,0.0,900899.0060207843,0.5806946828693266,7,143
Success,0.5277399360238336,1.9798643603421546,0.43666675684575995,1.8452314893791348,0.3846187180819909,2.7878109825469153,2.348275155063414,0.0,1854245.6469331833,0.58117265502021,7,144
Success,0.7968185135159351,1.9763330476621068,0.2123901572976945,0.31026371634856265,2.071934350735693,2.8716595000477576,2.421472248217277,0.0,901885.7479911415,0.5877707975829185,7,145
Success,0.5277399360238336,1.9842687240201025,0.20229286995804674,1.837049109949044,0.3846187180819909,2.787071142828565,2.4212624399904636,0.0,859008.9986122355,0.5888531656547058,7,146
Success,0.2928001814311337,2.1987047814150156,0.4895283096231446,2.932542154393878,0.6958863066153773,2.249936748326023,2.425689614480526,0.0,2078714.9993419265,0.5844309125897985,7,147
Success,0.8010398027026941,1.7406117678529742,0.21222990822339502,0.46159631676629276,2.0715282930133205,2.8725313476219747,2.42103064893289,0.0,901205.2722192025,0.5815599955869458,7,148
Success,1.4403625883645201,1.710670716917921,0.21025123728779796,2.7391344259286576,2.06171110410071,2.372545853084004,2.410269955196238,0.0,892803.1167733727,0.5472068018150208,7,149
Success,1.4403625883645201,1.7441301887660832,0.21025123728779796,2.7391344259286576,2.0524425105265074,2.3916586363008014,1.9109081560483838,0.0,892803.1167733727,0.5487722343634478,7,150
Success,0.7968185135159351,1.790451506921109,0.21228738215281864,0.26941320245975175,0.22294718257218893,2.2289837579686997,2.4199404402935896,0.0,901449.3273980657,0.582589416645949,7,151
Success,1.4464873114544083,1.7403130838167327,0.2166139733163434,0.49909858319664047,2.1083094244174143,2.894583696769871,2.3184924105447995,0.0,919821.6048963031,0.5798627459953956,7,152
Success,1.476805987887134,1.9763330476621068,0.21674357159901683,0.31026371634856265,2.0715282930133205,2.8937679269147742,2.3189707327345266,0.0,920371.9262746305,0.593692727271018,7,153
Success,0.4866324987607116,1.9842532456687472,0.20229286995804674,1.8452314893791348,0.3846187180819909,2.787071142828565,2.4212624399904636,0.0,859008.9986122355,0.5884726838726685,7,154
Success,1.5880349572416264,1.7454479862394847,0.2101484621429229,1.8460438112454227,2.0520364528041353,2.3916586363008014,1.9109081560483838,0.0,892366.6961803013,0.5545757998691454,7,155
Success,0.744180254938646,2.2130542597164236,0.44032884706143854,2.3788934275815032,0.7403727597263764,2.7391819456805075,2.425689614480526,0.0,1869796.2120601204,0.5841468680732702,7,156
Success,0.27163263063062376,1.9781688289581785,0.4858662194074768,2.897292922232673,0.40970358231045245,2.1974172316555864,2.3469425543259472,0.0,2063164.4342150353,0.5853595269987101,7,157
Success,1.442286250337647,1.7901528228848675,0.21051062498613235,0.49909858319664047,2.076459073405184,2.8937118491956495,2.2957629647119884,0.0,893904.5711501129,0.5822792768740905,7,158
Success,1.4403625883645201,0.7714574565757811,0.21025123728779796,2.7391344259286576,2.0524425105265074,2.186198357696204,1.9109081560483838,0.0,892803.1167733727,0.4841220771934561,7,159
Success,1.3460243086394463,1.8061214918155826,0.21045315105670867,0.49909858319664047,2.076459073405184,2.934011939270955,2.295778381664821,0.0,893660.5159712487,0.5833694605897197,8,160
Success,0.5277399360238336,1.9842687240201025,0.20366896262514833,1.8452314893791348,0.3878419281416299,2.787071142828565,2.474145091546551,0.0,864852.3878736055,0.5888216598777279,8,161
Success,0.5545299841344886,1.984082304025782,0.2278698491870968,2.9100192883506195,1.9248982631456637,2.775675625410896,1.878831208092099,0.0,967618.1419776375,0.5704506589569921,8,162
Success,1.4465073876315582,1.7529863204113645,0.21045315105670867,0.49909858319664047,2.07164864708066,2.787871744860371,2.416361198719045,0.0,893660.5159712487,0.5808291047317767,8,163
Success,0.766029986303059,1.9736449212289713,0.21228738215281864,0.5001043567571165,2.0715282930133205,2.8716595000477576,2.421472248217277,0.0,901449.3273980657,0.5849675103540538,8,164
Success,1.5684102820181314,1.9756324212372762,0.2169805169088981,1.993340371170015,2.0715282930133205,2.8928913963034457,2.3189707327345266,0.0,921378.0821189226,0.5631863467872422,8,165
Success,1.442286250337647,1.7457627083539378,0.21051062498613235,0.49909858319664047,2.076459073405184,2.8912888907750665,2.2968377563984816,0.0,893904.5711501129,0.5805042170631172,8,166
Success,1.5880349572416264,1.7454479862394847,0.2087731083905188,1.8460438112454227,2.0531325771640354,2.3916586363008014,1.8580250457113974,0.0,886526.4446191102,0.5545531355054882,8,167
Success,1.4136232324168148,1.7447012805278008,0.20265848603167816,1.9174463933658954,0.5158063918747426,2.380476856237336,2.4533392051456375,0.0,860561.5372526319,0.5777797325952579,8,168
Success,0.7968185135159351,1.963659811067407,0.21228738215281864,0.31026371634856265,2.076338719337845,2.8716595000477576,2.3019642228495276,0.0,901449.3273980657,0.5875926090100836,8,169
Success,0.7973091696080722,1.7430012102497938,0.3786545204626196,0.31490833093896103,1.9588912821576794,2.87247526990285,2.4209939260275473,0.0,1607904.6212061152,0.5776457338063782,8,170
Success,0.39707879023863013,1.9849538720935778,0.20208551056009633,0.2346100195248424,0.3846187180819909,2.787947659538377,2.4212624399904636,0.0,858128.4752956043,0.5453952245981725,8,171
Success,0.7968185135159351,1.984318686408888,0.20235269635509456,0.31026371634856265,2.071934350735693,2.8716595000477576,2.421472248217277,0.0,859263.0432230474,0.5883198155490624,8,172
Success,1.4430248700550459,1.7454479862394847,0.21046961789693877,1.8460438112454227,2.0518860743292886,2.3797071674365085,1.9109081560483838,0.0,893730.4401556222,0.5567806770689187,8,173
Success,0.7968185135159351,1.9763330476621068,0.20197960146801117,1.8678456497741207,2.0715282930133205,2.784383087211951,2.4214642358856087,0.0,857678.7468244289,0.5728484502692326,8,174
Success,1.4403625883645201,1.7445503387604355,0.21025123728779796,2.7469091839963897,2.0524425105265074,2.3916586363008014,1.9109081560483838,0.0,892803.1167733727,0.5487363906425546,8,175
Success,0.5277399360238336,1.9762830852733213,0.21233403590238703,1.8452314893791348,0.3846187180819909,2.787071142828565,2.4212624399904636,0.0,901647.4361633754,0.5884580863056796,8,176
Success,1.5915174748181384,1.7403130838167327,0.2101319953026928,0.49909858319664047,2.07660945188003,2.9059492729655023,2.2968531733513142,0.0,892296.7719959276,0.5790674433248331,8,177
Success,0.5277399360238336,1.9842687240201025,0.2126118856346547,0.2946692239247376,0.3846187180819909,2.8743475543606776,2.421270452322132,0.0,902827.2870416061,0.5622532037961204,8,178
Success,0.4866324987607116,1.984217767441792,0.20229286995804674,1.8372691787094722,0.3846187180819909,2.787071142828565,2.4212624399904636,0.0,859008.9986122355,0.5884265885570223,8,179
Success,0.5277399360238336,1.9842687240201025,0.20229286995804674,1.8452314893791348,0.3846187180819909,2.787071142828565,1.855739121701555,0.0,859008.9986122355,0.5887874966725515,9,180
Success,0.7877149788043332,1.9849538720935778,0.20208551056009633,0.24190495241511512,1.8702733690614926,2.787947659538377,2.421263867951676,0.0,858128.4752956043,0.5887536237800908,9,181
Success,0.46469365158504333,1.9763330476621068,0.20228298344716367,1.8680700709822442,2.1075100355099217,2.784383087211951,2.4212800247285147,0.0,858967.0168962451,0.5746120576690106,9,182
Success,0.541463796414495,1.9763321300656924,0.21233295491164275,1.8362112154438726,0.34648095811225754,2.8770898813425085,2.421479417806858,0.0,901642.8458840591,0.5889228323451046,9,183
Success,1.4362576381784165,1.9860959070226865,0.20186050388684953,0.31026371634856265,2.0715282930133205,2.8937679269147742,2.4272542730590576,0.0,857173.0152385747,0.5944604584328301,9,184
Success,0.47043334278509025,1.9844452820914291,0.21283323362896298,1.9924343462870273,2.071934350735693,2.871464410351636,2.421472248217277,0.0,903767.211019031,0.5742865804528373,9,185
Success,0.47063398469501294,1.9845829792425502,0.20229286995804674,1.8452314893791348,0.31054854344278104,2.798695380440101,2.4175071426469295,0.0,859008.9986122355,0.5889696499944174,9,186
Success,0.5277399360238336,1.9842687240201025,0.20373582413293026,1.8452314893791348,0.38798141030829775,2.787071142828565,2.4811162898134054,0.0,865136.3061197468,0.5888192220358701,9,187
Success,0.8211246994720361,1.9763330476621068,0.20197960146801117,1.8454917663342878,2.0721886978135795,2.784383087211951,1.8583296712808204,0.0,857678.7468244289,0.5727191053616358,9,188
Success,1.5880349572416264,1.7454479862394847,0.2087731083905188,1.8460438112454227,2.0531325771640354,2.3916586363008014,2.4235482932720593,0.0,886526.4446191102,0.5546558821650933,9,189
Success,0.4061868987156171,1.984318686408888,0.20235269635509456,0.30296987658399793,0.5896691733324466,2.8716595000477576,2.395403224968438,0.0,859263.0432230474,0.5550729816751472,9,190
Success,0.8187579697887211,1.8425280646936602,0.20198948797889427,1.8370447575013487,0.3578275071818222,2.787071142828565,2.4214466511475576,0.0,857720.7285404193,0.5882218099777702,9,191
Success,0.7830946600930166,1.9762840028697355,0.21239123828843878,0.3275979720760803,2.121781279146855,2.9119672827356955,2.3575616959335806,0.0,901890.3382704575,0.5872938708807933,9,192
Success,0.5277399360238336,1.9745058646595228,0.2172258373682333,1.837049109949044,0.3846187180819909,2.787071142828565,2.312978899665917,0.0,922419.8018896509,0.5882100569671793,9,193
Success,0.8130180559478583,1.9761055330124695,0.20186593148702586,0.2321685728886672,0.40692310809329035,2.7872662321095456,2.4212624399904636,0.0,857196.062800228,0.5856740640871229,9,194
Success,1.6044842971840896,1.7451182526655822,0.2087731083905188,1.8460438112454227,2.150157860856323,2.3916586363008014,1.861780284687953,0.0,886526.4446191102,0.5532413971998476,9,195
Success,0.5277399360238336,1.9842687240201025,0.20222600846572292,2.026439451094837,0.384479235915323,2.787071142828565,2.414291241723608,0.0,858725.0804317341,0.5896136320396635,9,196
Success,1.563729451977974,1.7454479862394847,0.2101484621429229,1.8683976946852556,2.0513760480038763,2.3916586363008014,2.4740422652518155,0.0,892366.6961803013,0.554802451784887,9,197
Success,1.5316045320177982,1.9847556198994507,0.20255633067159712,1.8453375707378503,1.9872482750513791,2.427664227831967,2.4212624399904636,0.0,860127.7484909018,0.5665893221978848,9,198
Success,0.5842785466443217,1.744961090360034,0.20851002372934344,1.8377553504566164,0.4544695746299705,2.7510631824967713,1.8580250457113974,0.0,885409.2915954109,0.5847058085235749,9,199
